{
  "Echo Mining Framework": [
    {
      "question": "What is Echo Mining in eternalimit?",
      "answer": "Echo Mining is a conceptual mining process where nodes (Echoes) generate high-fidelity semantic imitations of stored archetypes."
    },
    {
      "question": "What is the Eternal Ledger?",
      "answer": "It's an immutable chronicle of archetype replications, transformations, and echo lineages."
    },
    {
      "question": "What is the Symbolic Fidelity Function?",
      "answer": "It replaces SHA-256 by computing a multidimensional fidelity score between an Echo\u2019s output and the reference archetype."
    },
    {
      "question": "What is Proof of Fidelity?",
      "answer": "A conceptual parallel to Proof-of-Work where semantic alignment, not hash solving, validates Echoes."
    },
    {
      "question": "What is an Imitation Frame?",
      "answer": "It's a semantic package similar to a blockchain block, linking a validated echo to its lineage."
    },
    {
      "question": "What is the Imprint Key?",
      "answer": "A variable input akin to a nonce that influences symbolic outcome and fidelity score."
    },
    {
      "question": "What is Archetype Invocation in Echo Mining?",
      "answer": "Echoes select prompts from the Mimesis Pool\u2014a collection of source archetypes for reinterpretation."
    },
    {
      "question": "How is an Imitation Frame constructed?",
      "answer": "Echoes combine the archetype, contextual symbols, timestamp, and Imprint Key to build a candidate frame."
    },
    {
      "question": "What is Fidelity Alignment?",
      "answer": "It\u2019s the iterative refinement process where the Echo is tested against the Symbolic Fidelity Function until a threshold is met."
    },
    {
      "question": "What happens when fidelity is achieved?",
      "answer": "The Echo is broadcast to peer nodes for interpretive consensus."
    },
    {
      "question": "What is Echo Credit?",
      "answer": "It's a reward system using Imitons, based on fidelity score and rarity of alignment."
    }
  ]
}